{"mean":{"confidence_interval":{"confidence_level":0.95,"lower_bound":-0.03612842461752171,"upper_bound":-0.02323843125839105},"point_estimate":-0.030037196129930277,"standard_error":0.003295461922375037},"median":{"confidence_interval":{"confidence_level":0.95,"lower_bound":-0.03523564207863639,"upper_bound":-0.02495347244902757},"point_estimate":-0.029037457856079918,"standard_error":0.0024302282667654795}}