{"mean":{"confidence_interval":{"confidence_level":0.95,"lower_bound":-0.03177216486088582,"upper_bound":-0.018341844457667428},"point_estimate":-0.025261057854882307,"standard_error":0.0034233433702595957},"median":{"confidence_interval":{"confidence_level":0.95,"lower_bound":-0.030466669524015104,"upper_bound":-0.022477599183876484},"point_estimate":-0.026763839317688665,"standard_error":0.0020757384642441866}}